Relative_Time_s,Raw_S1_V,Raw_S2_V
383.0175621509552,2.014445878207428,3.751653516589353
383.0442202091217,2.0139608090761585,3.753270440942466
383.0977358818054,2.0123439119842006,3.7571510595197446
383.13125586509705,2.0092718075614746,3.7565042897441336
383.15927481651306,2.0081399796334205,3.7594147537745024
383.18669986724854,2.003774357711672,3.7598998311229304
383.2132132053375,2.0019957710421425,3.762971987729568
383.24268317222595,2.000055494701325,3.7569893670753642
383.26893854141235,1.9994087359270647,3.7523002863267814
383.30457043647766,1.9969833905503436,3.754887365327389
383.33824467658997,1.999247046233969,3.745994281603782
383.36489033699036,2.000863943173377,3.7435688953005073
383.3904175758362,2.003127598920119,3.737909660870499
383.4169363975525,2.006038013505815,3.7414668938954327
383.4482629299164,2.0087867384483205,3.738879815316625
383.4753875732422,2.010727014911119,3.7466410512967205
383.5015335083008,2.0128289811098052,3.751976901457431
383.53005933761597,2.0113737737380877,3.744053972555448
383.5621304512024,2.0104036354987667,3.754563980447859
383.59367775917053,2.0079782899301666,3.7571510595197446
383.6199691295624,2.0052295650036718,3.762971987729568
383.6470031738281,2.0026425298284294,3.7584445990862485
383.6775095462799,2.000055494701325,3.765397374605576
383.70401668548584,1.9973067699314666,3.755857519973617
383.7295391559601,1.9981152183875577,3.756180904858239
383.7562952041626,1.996660011169971,3.7523002863267814
383.78207659721375,1.996660011169971,3.748096283124413
383.8117597103119,1.9971450802408113,3.740981816655722
383.8383364677429,2.001349012258863,3.7434072028828282
383.8659198284149,2.003450978315519,3.7435688953005073
383.8939654827118,2.0039360474100305,3.7375862760576593
383.9200358390808,2.008625048744313,3.7442156649743965
383.9456968307495,2.0089484281525163,3.7456708967592176
383.97604489326477,2.0121822222760435,3.751491824155791
384.0113582611084,2.0120205325680747,3.7466410512967205
384.0384638309479,2.0133140502371094,3.752461978761934
384.0642945766449,2.0084633590404937,3.755695827531783
384.09780859947205,2.0068464620126654,3.7647506047649575
384.1343312263489,2.003450978315519,3.7571510595197446
384.1593461036682,2.000378874089582,3.759091368877144
384.18561267852783,1.9997321153138192,3.755049057767632
384.21288990974426,1.9964983214800662,3.7571510595197446
384.24265122413635,1.9971450802408113,3.745347511915924
384.2692668437958,1.997953528695964,3.7472878209947407
384.2964196205139,1.9989236668483414,3.7430838180484227
384.3242721557617,2.000540563783993,3.7421136635528214
384.35778975486755,2.001187322563513,3.746317666449616
384.385244846344,2.0052295650036718,3.745509204337412
384.4118356704712,2.0074932208215355,3.7490664376905047
384.43811202049255,2.0081399796334205,3.7400116621848647
384.47064232826233,2.009918566381653,3.7434072028828282
384.4975395202637,2.0104036354987667,3.745994281603782
384.5248489379883,2.0129906708187177,3.749874899837654
384.55346298217773,2.009918566381653,3.7511684392896196
384.5819652080536,2.010888704617578,3.755210750208192
384.6082501411438,2.0074932208215355,3.750683361992748
384.6337630748749,2.0073315311190356,3.758121214192712
384.66405415534973,2.0058763238050097,3.753593825816906
384.7095682621002,2.0044211165062347,3.759091368877144
384.738089799881,2.0024808401315757,3.752461978761934
384.76759815216064,1.9994087359270647,3.755695827531783
384.7941060066223,1.9969833905503436,3.751815209023233
384.820613861084,1.9950431142793625,3.7539172106926175
384.8466327190399,1.996660011169971,3.753270440942466
384.87214851379395,1.9986002874634645,3.7490664376905047
384.90148067474365,1.9986002874634645,3.7448624346533643
384.93071818351746,2.0010256328683513,3.7447007422331464
384.9577236175537,2.0029659092227012,3.738718122908145
384.98461961746216,2.00652308260936,3.740173354595881
385.01167154312134,2.0078166002271014,3.737262891246087
385.0412003993988,2.0102419457928735,3.739364892543968
385.0682301521301,2.0112120840310626,3.7383947380921354
385.0947961807251,2.012505601692547,3.745994281603782
385.1203188896179,2.0133140502371094,3.7447007422331464
385.14886450767517,2.0137991193661127,3.748581360406029
385.1809604167938,2.014769257629219,3.751976901457431
385.2086193561554,2.0133140502371094,3.754563980447859
385.23380494117737,2.011858842860295,3.755695827531783
385.2620837688446,2.0105653252048485,3.7563425973010274
385.2892425060272,2.0081399796334205,3.7565042897441336
385.31521558761597,2.004097737108577,3.766044144451298
385.3408019542694,2.0032892886177254,3.7592530613256643
385.36735558509827,2.000702253478591,3.7495515149778402
385.39997243881226,1.9997321153138192,3.753270440942466
385.42565727233887,1.998276908079339,3.755534135090268
385.45110964775085,1.998276908079339,3.753270440942466
385.48106050491333,1.996013252411477,3.7539172106926175
385.5125789642334,1.9976301493133397,3.7476112058456565
385.5381906032562,2.0010256328683513,3.7383947380921354
385.5648272037506,2.0032892886177254,3.740173354595881
385.59613013267517,2.004744495904645,3.7430838180484227
385.63315296173096,2.0070081517146003,3.738879815316625
385.66759276390076,2.0095951869711866,3.741305201481879
385.6980493068695,2.010080256087169,3.7437305877185034
385.7284095287323,2.0105653252048485,3.7464793588730094
385.7554533481598,2.012667291401082,3.7448624346533643
385.7849471569061,2.011858842860295,3.7456708967592176
385.81281781196594,2.0120205325680747,3.7505216695610937
385.8393416404724,2.0123439119842006,3.7437305877185034
385.8657577037811,2.011050394324226,3.754563980447859
385.8962903022766,2.0104036354987667,3.7527853636331927
385.93579840660095,2.0071698414167236,3.7547256728874654
385.9666521549225,2.0063613929079898,3.7595764462236603
385.99334931373596,2.005552944403964,3.7587679839810595
386.02385783195496,2.0029659092227012,3.756180904858239
386.051203250885,2.0018340813460407,3.760223216023475
386.07687425613403,2.001187322563513,3.752623671197404
386.10327792167664,1.9984385977713082,3.751976901457431
386.1406636238098,1.9986002874634645,3.7443773573936623
386.17478251457214,1.9995704256203481,3.748096283124413
386.2008490562439,1.9986002874634645,3.7471261285697595
386.2270784378052,2.000540563783993,3.7400116621848647
386.25441694259644,1.9994087359270647,3.7445390498132456
386.2803075313568,2.0028042195254714,3.7398499697741645
386.3068656921387,2.0032892886177254,3.742598740799194
386.33278012275696,2.0066847723109182,3.7390415077254224
386.36198449134827,2.0081399796334205,3.7371011988407767
386.3887631893158,2.011050394324226,3.7422753559679616
386.41580629348755,2.0128289811098052,3.7464793588730094
386.4406991004944,2.013152360527819,3.742598740799194
386.4676411151886,2.0137991193661127,3.7437305877185034
386.49680280685425,2.0154160164750685,3.755695827531783
386.5225577354431,2.0149309473403982,3.7527853636331927
386.54972553253174,2.014769257629219,3.749228130119299
386.57590222358704,2.013637429656256,3.754563980447859
386.60883808135986,2.0102419457928735,3.753593825816906
386.63588190078735,2.0074932208215355,3.761193370732755
386.6624126434326,2.0073315311190356,3.754240595569602
386.6919312477112,2.0032892886177254,3.7595764462236603
386.7201328277588,1.999247046233969,3.7597381386731357
386.7458305358887,1.9995704256203481,3.754240595569602
386.7706615924835,1.997791839004558,3.755534135090268
386.7983250617981,1.9964983214800662,3.7503599771297567
386.82958817481995,1.996660011169971,3.7464793588730094
386.85775780677795,1.9974684596223093,3.7429221256316962
386.8837342262268,1.997791839004558,3.74615597402654
386.9094672203064,1.9994087359270647,3.7429221256316962
386.94289898872375,2.0019957710421425,3.7411435090686416
386.97002506256104,2.0019957710421425,3.7408201242431196
386.9970004558563,2.004906185604132,3.738879815316625
387.02348470687866,2.004906185604132,3.7434072028828282
387.05313444137573,2.0091101178569013,3.7398499697741645
387.080650806427,2.0105653252048485,3.7442156649743965
387.10917806625366,2.0113737737380877,3.740335047007215
387.1379566192627,2.012505601692547,3.7445390498132456
387.1710891723633,2.0133140502371094,3.755210750208192
387.19704580307007,2.012505601692547,3.751653516589353
387.2225568294525,2.0120205325680747,3.7523002863267814
387.2542884349823,2.0079782899301666,3.755372442649071
387.28555178642273,2.0066847723109182,3.755695827531783
387.32038164138794,2.0032892886177254,3.765397374605576
387.34721660614014,2.000863943173377,3.752461978761934
387.3737156391144,1.999247046233969,3.755695827531783
387.4072301387787,2.00021718439536,3.7497132074075883
387.43400979042053,1.9961749421008192,3.756665982187559
387.4612092971802,1.998276908079339,3.751653516589353
387.4882757663727,1.9974684596223093,3.741305201481879
387.53743505477905,1.9956898730333557,3.740173354595881
387.5654454231262,2.000378874089582,3.7447007422331464
387.59160351753235,1.999247046233969,3.7430838180484227
387.6265392303467,2.001510701954401,3.7438922801368166
387.65175437927246,2.0029659092227012,3.741305201481879
387.6773397922516,2.0070081517146003,3.7427604332152864
387.70467257499695,2.0092718075614746,3.7421136635528214
387.7364010810852,2.0095951869711866,3.7495515149778402
387.7640452384949,2.011050394324226,3.747934590697843
387.7904362678528,2.009433497266236,3.7495515149778402
387.81649565696716,2.0083016693368627,3.752461978761934
387.85311007499695,2.0044211165062347,3.7569893670753642
387.89542841911316,2.0010256328683513,3.7618401405453157
387.92646503448486,2.0016723916501267,3.754078903130951
387.95402479171753,1.9987619771558094,3.756665982187559
387.98082280158997,1.998276908079339,3.756180904858239
388.00823163986206,1.9964983214800662,3.7571510595197446
388.03379917144775,1.9973067699314666,3.7529470560692992
388.06174087524414,1.997791839004558,3.74744951342004
388.09263134002686,1.9968217008600633,3.7421136635528214
388.14394640922546,1.9986002874634645,3.7374245836517144
388.1789982318878,2.000863943173377,3.7400116621848647
388.20653533935547,2.0029659092227012,3.739203200134537
388.2337155342102,2.006038013505815,3.739688277363782
388.26261043548584,2.0091101178569013,3.7385564304999823
388.28899240493774,2.010888704617578,3.7395265849537167
388.3145709037781,2.0116971531527037,3.7489047452620285
388.34509229660034,2.0120205325680747,3.7497132074075883
388.3931381702423,2.009918566381653,3.754402288008572
388.42364740371704,2.0061997032068084,3.7579595217464212
388.4495027065277,2.004097737108577,3.749874899837654
388.4897060394287,2.000702253478591,3.755210750208192
388.5157160758972,1.9963366317903488,3.7587679839810595
388.5420665740967,1.9947197349034909,3.754402288008572
388.5751988887787,1.9952048039675794,3.7521385938919476
388.60724806785583,1.9952048039675794,3.7447007422331464
388.6407639980316,1.9945580452158362,3.7447007422331464
388.66578936576843,1.996013252411477,3.7419519711379983
388.69198060035706,1.9971450802408113,3.7442156649743965
388.72375440597534,1.9997321153138192,3.7421136635528214
388.75982666015625,2.0021574607384323,3.7358076596096987
388.7861385345459,2.0053912547037243,3.7447007422331464
388.8118932247162,2.008625048744313,3.7367778140311056
388.84430742263794,2.011535463445301,3.746317666449616
388.87983870506287,2.011858842860295,3.7529470560692992
388.90918588638306,2.009756876676325,3.7472878209947407
388.939510345459,2.0076549105242245,3.7531087485057237
388.97074151039124,2.004906185604132,3.7579595217464212
389.0022814273834,2.0016723916501267,3.75747444440946
389.02865743637085,1.997953528695964,3.751976901457431
389.05483770370483,1.997953528695964,3.755534135090268
389.0814538002014,1.996660011169971,3.7568276746313027
389.1080572605133,1.9947197349034909,3.7469644361450953
389.1335561275482,1.9950431142793625,3.7531087485057237
389.1601052284241,1.9929411483495967,3.740335047007215
389.1861171722412,1.9942346658410892,3.7442156649743965
389.2163817882538,1.9971450802408113,3.740173354595881
389.24289560317993,1.9952048039675794,3.7349991976005716
389.2706470489502,1.9987619771558094,3.739688277363782
389.2963795661926,2.0019957710421425,3.7354842748050974
389.32604122161865,2.001349012258863,3.735969352012474
389.3630723953247,2.003612668013502,3.7395265849537167
389.3936047554016,2.005067875303808,3.7385564304999823
389.4192626476288,2.0081399796334205,3.7356459672072395
389.44869685173035,2.0083016693368627,3.737262891246087
389.47420954704285,2.0104036354987667,3.7377479684639208
389.5032048225403,2.011535463445301,3.7417902787234922
389.52871322631836,2.0102419457928735,3.735969352012474
389.5548565387726,2.0123439119842006,3.7477728982715908
389.5983085632324,2.0128289811098052,3.74615597402654
389.6249911785126,2.0089484281525163,3.7497132074075883
389.6509029865265,2.0081399796334205,3.752623671197404
389.6921226978302,2.005552944403964,3.749228130119299
389.7196989059448,2.003450978315519,3.7539172106926175
389.7477557659149,2.0029659092227012,3.749228130119299
389.7749300003052,2.001510701954401,3.7529470560692992
389.80467081069946,2.00021718439536,3.7529470560692992
389.83468532562256,2.000055494701325,3.7569893670753642
389.86166286468506,1.9968217008600633,3.760384908474225
389.8881838321686,1.9968217008600633,3.7513301317225456
389.91870498657227,1.9947197349034909,3.7579595217464212
389.94649958610535,1.9943963555283688,3.751491824155791
389.9733097553253,1.993426217407501,3.747934590697843
389.99936628341675,1.9943963555283688,3.745509204337412
390.0347306728363,1.992294389608347,3.7400116621848647
390.0749399662018,1.9952048039675794,3.735322582403272
390.1062228679657,1.9963366317903488,3.7395265849537167
390.13579535484314,1.9976301493133397,3.740173354595881
390.1648635864258,2.001187322563513,3.7382330456846065
390.2003901004791,2.001349012258863,3.7375862760576593
390.2266914844513,2.005067875303808,3.7337056584024375
390.2525770664215,2.006038013505815,3.7390415077254224
390.28109526634216,2.004744495904645,3.737262891246087
390.3221173286438,2.0068464620126654,3.7421136635528214
390.34913516044617,2.0076549105242245,3.746317666449616
390.37484550476074,2.0071698414167236,3.748257975551301
390.4019515514374,2.0032892886177254,3.7584445990862485
390.43072986602783,2.0039360474100305,3.753270440942466
390.4588966369629,2.0019957710421425,3.753432133379527
390.48505449295044,1.9998938050074786,3.7547256728874654
390.5221915245056,1.9969833905503436,3.754402288008572
390.5487015247345,1.9976301493133397,3.748419667978506
390.5793888568878,1.9940729761539966,3.7443773573936623
390.6056344509125,1.9947197349034909,3.746317666449616
390.63567066192627,1.9939112864670918,3.7450241270738998
390.6689462661743,1.9956898730333557,3.741628586309304
390.6949679851532,1.997791839004558,3.7400116621848647
390.72103571891785,2.000702253478591,3.7371011988407767
390.7499420642853,2.0028042195254714,3.735322582403272
390.78147077560425,2.0071698414167236,3.7349991976005716
390.8110148906708,2.0076549105242245,3.7411435090686416
390.83749079704285,2.013152360527819,3.7356459672072395
390.8647756576538,2.009756876676325,3.7448624346533643
390.8935480117798,2.0105653252048485,3.7471261285697595
390.9200539588928,2.0084633590404937,3.7472878209947407
390.9455659389496,2.0061997032068084,3.748096283124413
390.9762279987335,2.0039360474100305,3.756180904858239
391.0122730731964,1.999247046233969,3.7598998311229304
391.03922605514526,1.9947197349034909,3.7531087485057237
391.06498742103577,1.9952048039675794,3.7495515149778402
391.09417390823364,1.992294389608347,3.749874899837654
391.12676525115967,1.993749596780374,3.7443773573936623
391.15223383903503,1.9950431142793625,3.7408201242431196
391.17825412750244,1.9964983214800662,3.7382330456846065
391.2069137096405,1.9984385977713082,3.734352427998971
391.2376141548157,2.0010256328683513,3.7348375051996965
391.26452469825745,2.0029659092227012,3.7364544292227033
391.29310941696167,2.0061997032068084,3.737909660870499
391.322776556015,2.0081399796334205,3.7377479684639208
391.3507399559021,2.0070081517146003,3.7417902787234922
391.377197265625,2.0095951869711866,3.7472878209947407
391.4023232460022,2.0070081517146003,3.7468027437207487
391.4292850494385,2.006038013505815,3.7464793588730094
391.48027062416077,2.0016723916501267,3.7537555182546027
391.5078408718109,1.9995704256203481,3.755695827531783
391.534348487854,1.999247046233969,3.7508450544247207
391.5693688392639,1.9961749421008192,3.7489047452620285
391.5961368083954,1.9935879070938443,3.749874899837654
391.6220042705536,1.9927794586640033,3.744053972555448
391.6518292427063,1.9940729761539966,3.728369809424275
391.6873400211334,1.9943963555283688,3.733543966004096
391.72378730773926,1.999247046233969,3.7377479684639208
391.7522346973419,2.0028042195254714,3.729663348538855
391.7823324203491,2.004744495904645,3.732897196413895
391.8104271888733,2.0079782899301666,3.7351608900017634
391.83822989463806,2.0095951869711866,3.7400116621848647
391.86641788482666,2.0083016693368627,3.7408201242431196
391.8919270038605,2.0102419457928735,3.7448624346533643
391.91817903518677,2.0083016693368627,3.7437305877185034
391.94520378112793,2.0074932208215355,3.753270440942466
391.97557187080383,2.0053912547037243,3.7521385938919476
392.00290632247925,2.0032892886177254,3.754078903130951
392.0284125804901,2.0016723916501267,3.752461978761934
392.064462184906,1.9994087359270647,3.751491824155791
392.1109712123871,1.9969833905503436,3.750683361992748
392.13748264312744,1.995528183344576,3.7495515149778402
392.1647264957428,1.9953664936559838,3.7447007422331464
392.1948664188385,1.9956898730333557,3.7430838180484227
392.22353076934814,1.9963366317903488,3.7354842748050974
392.2522163391113,1.9976301493133397,3.7341907355993627
392.28181862831116,1.9990853565410616,3.7317653496432315
392.3209900856018,2.0032892886177254,3.7293399637583122
392.3472261428833,2.0061997032068084,3.731927042038091
392.3731427192688,2.0095951869711866,3.7369395064357827
392.4052531719208,2.0116971531527037,3.7395265849537167
392.4328467845917,2.011050394324226,3.737909660870499
392.45846128463745,2.0123439119842006,3.741628586309304
392.48462414741516,2.0113737737380877,3.745994281603782
392.51527309417725,2.0105653252048485,3.7450241270738998
392.5435571670532,2.008625048744313,3.749389822548411
392.5694921016693,2.0071698414167236,3.749874899837654
392.5954177379608,2.004906185604132,3.754402288008572
392.6217246055603,2.003127598920119,3.751976901457431
392.64932465553284,1.9998938050074786,3.7429221256316962
392.6777241230011,1.9986002874634645,3.750683361992748
392.705269575119,1.9964983214800662,3.751653516589353
392.73179602622986,1.9940729761539966,3.748419667978506
392.7593743801117,1.9953664936559838,3.7395265849537167
392.7953963279724,1.9947197349034909,3.7434072028828282
392.8242144584656,1.9943963555283688,3.737262891246087
392.8508598804474,1.996013252411477,3.732897196413895
392.87775468826294,1.997791839004558,3.733220581208362
392.91425108909607,1.9997321153138192,3.736616121626746
392.94277787208557,2.0039360474100305,3.7356459672072395
392.9700062274933,2.0016723916501267,3.730956887673681
392.99863719940186,2.0068464620126654,3.733543966004096
